[
  { "width": 90, "height": 90 },
  { "width": 60, "height": 115 },
  { "width": 50, "height": 90 },
  { "width": 80, "height": 60 },
  { "width": 70, "height": 70 },
  { "width": 20, "height": 50 },
  { "width": 20, "height": 30 },
  { "width": 20, "height": 50 },
  { "width": 30, "height": 70 },
  { "width": 60, "height": 50 },
  { "width": 40, "height": 50 },
  { "width": 20, "height": 20 },
  { "width": 60, "height": 50 },
  { "width": 40, "height": 50 },
  { "width": 20, "height": 20 },
  { "width": 30, "height": 50 },
  { "width": 20, "height": 20 },
  { "width": 30, "height": 50 },
  { "width": 20, "height": 20 },
  { "width": 30, "height": 50 },
  { "width": 60, "height": 50 },
  { "width": 360, "height": 350 },
  { "width": 60, "height": 0 },
  { "width": 40, "height": 50 },
  { "width": 60, "height": 120 }
]
